,LFC,absLFC,Z_LFC,t_stat,pval,Z_p,Diff_star,Diff,MAD_cancer,Rob,AUC,AUC_absprime,SCORE1_raw,SCORE1,degree_node,degree_node_norm,closeness,closeness_norm,betweenness,betweenness_norm,eigenvector,eigenvector_norm,SCORE2,SCORE2_raw,SCORE_final_raw,SCORE_final
Gene5,-2.5849600962322263,2.5849600962322263,1.4996106422163051,-5.0,0.12566591637800234,1.5314188173081358,1.5155147297622205,0.8573411971491269,0.5,1.0,0.0,1.0,0.9286705985745636,1.0,0.75,1.0,0.8,1.0,0.16666666666666666,0.3333333333333333,0.5370769634854428,1.0,0.8713288611537297,0.8333333333333334,0.9000694190021945,1.0
Gene1,1.0238464975634654,1.0238464975634654,-0.11797915331973584,5.756555483488606,0.06885793398665087,1.8193507590342346,0.8506858028572494,0.5865575918089414,0.5,1.0,1.0,1.0,0.7932787959044707,0.8542090135319147,0.75,1.0,0.8,1.0,0.16666666666666666,0.3333333333333333,0.5370769634854428,1.0,0.8713288611537297,0.8333333333333334,0.8052951571331295,0.8947033863519877
Gene4,-1.825969658606359,1.825969658606359,0.7131623095261103,-19.798989873223327,0.002541300169265002,3.018380009288624,1.8657711594073672,1.0,0.09999999999999998,2.7755575615628904e-16,0.0,1.0,0.8,0.861446460378887,0.5,0.5,0.5714285714285714,0.23809523809523794,0.0,0.0,0.40669371006285354,0.6351163526123248,0.35895566743629664,0.3433028976768907,0.6629908693030672,0.736599705873854
Gene2,-0.2537565027486035,0.2537565027486035,-0.9159285903877267,-1.1180339887498942,0.41344505254801356,0.8178461320025292,-0.049041229192598734,0.2201004180895636,0.3999999999999999,0.7499999999999999,0.25,0.5,0.41005020904478184,0.44154537644906244,0.75,1.0,0.8,1.0,0.5,1.0,0.47474973908441287,0.8255743404615968,1.0,0.9563935851153992,0.573953221865967,0.6376766166572398
Gene3,0.0,0.0,-1.1788652080349535,0.0,1.0,-0.0,-0.5894326040174768,0.0,0.09999999999999987,0.0,0.5,0.0,0.0,0.0,0.25,0.0,0.5,0.0,0.0,0.0,0.17974866347516053,0.0,0.0,0.0,0.0,0.0
